{
    "confusables": [
        {
            "regex": "(업|없)다",
            "id": "conf_000108"
        },
        {
            "regex": "빌(려|어)",
            "id": "conf_000109"
        },
        {
            "regex": "(떨|털)다",
            "id": "conf_000110"
        },
        {
            "regex": "갈(갈이)|(가리)",
            "id": "conf_000111"
        },
        {
            "regex": "으?로(써|서)",
            "id": "conf_000112"
        },
        {
            "regex": "(매|메)다",
            "id": "conf_000113"
        },
        {
            "regex": "(딸|달)려",
            "id": "conf_000114"
        },
        {
            "regex": "(딸|달)리다",
            "id": "conf_000115"
        },
        {
            "regex": "(하므)|(함으)로",
            "id": "conf_000116"
        },
        {
            "regex": "(이에요)|(예요)",
            "id": "conf_000117"
        },
        {
            "regex": "어의",
            "id": "conf_000118"
        },
        {
            "regex": "금새",
            "id": "conf_000119"
        },
        {
            "regex": "(든|던)지",
            "id": "conf_000120"
        },
        {
            "regex": "[낳낫나][고아았으음다]",
            "id": "conf_000121"
        },
        {
            "regex": "\\W암\\W",
            "id": "conf_000122"
        }
    ],
    "titles": {
        "conf_000122": "암? 앎?",
        "conf_000120": "~든지? ~던지?",
        "conf_000121": "낳다? 낫다?",
        "error_000055": "도데체 -> 도대체",
        "error_000054": "핼쓱 -> 핼쑥",
        "error_000053": "궁시렁 -> 구시렁",
        "error_000052": "빈털털이 -> 빈털터리",
        "error_000051": "제작년 -> 재작년",
        "error_000050": "희안하 -> 희한하",
        "conf_000119": "금새? 금세?",
        "error_000059": "미쳐 -> 미처",
        "conf_000115": "딸리다? 달리다?",
        "error_000058": "설겆이 -> 설거지",
        "conf_000116": "~하므로? ~함으로?",
        "error_000057": "홧병 -> 화병",
        "conf_000117": "에요? 예요?",
        "error_000056": "댓가 -> 대가",
        "conf_000118": "어의? 어이?",
        "conf_000111": "갈갈이? 갈가리?",
        "conf_000112": "~로써? ~로서?",
        "conf_000113": "매다? 메다?",
        "conf_000114": "딸려? 달려?",
        "conf_000110": "떨다? 털다?",
        "error_000044": "돼고 -> 되고",
        "error_000043": "되\\s -> 돼",
        "error_000042": "돼냐 -> 되냐",
        "error_000041": "돼어 -> 되어",
        "error_000040": "(\\s)겟(\\s) -> $1겠$2",
        "conf_000108": "없다? 업다?",
        "conf_000109": "빌려? 빌어?",
        "error_000049": "되물림 -> 대물림",
        "error_000048": "단언컨데 -> 단언컨대",
        "error_000047": "(몇 일)|(몇일) -> 며칠",
        "error_000046": "역활 -> 역할",
        "error_000045": "오랫만 -> 오랜만",
        "error_000077": "일일히 -> 일일이",
        "error_000076": "웬지 -> 왠지",
        "error_000075": "요컨데 -> 요컨대",
        "error_000074": "하마트면 -> 하마터면",
        "error_000073": "서슴치 -> 서슴지",
        "error_000072": "안성마춤 -> 안성맞춤",
        "error_000071": "눈쌀 -> 눈살",
        "error_000070": "넓직한 -> 널찍한",
        "error_000079": "도데체 -> 도대체",
        "error_000078": "궂이 -> 굳이",
        "error_000066": "구렛나(루|룻) -> 구레나룻",
        "error_000065": "통채로 -> 통째로",
        "error_000064": "닥달 -> 닦달",
        "error_000063": "깨끗히 -> 깨끗이",
        "error_000062": "곰곰히 -> 곰곰이",
        "error_000061": "일찌기 -> 일찍이",
        "error_000060": "하마트면 -> 하마터면",
        "error_000107": "왜(운|우) -> 외$1",
        "error_000106": "아얘 -> 아예",
        "error_000105": "누우면 -> 누으면",
        "error_000104": "뱌보 -> 바보",
        "error_000103": "그러갸 -> 그러게",
        "error_000069": "뒤치닥거리 -> 뒤치다꺼리",
        "error_000102": "그레 -> 그래",
        "error_000068": "건들이 -> 건드리",
        "error_000101": "해씀 -> 했음",
        "error_000067": "가벼히 -> 가벼이",
        "error_000100": "개구장이 -> 개구쟁이",
        "error_000009": "안됌 -> 안됨",
        "error_000091": "눈꼽 -> 눈곱",
        "error_000090": "애시당초 -> 애당초",
        "error_000011": "므ㅏ -> 뭐",
        "error_000099": "돼기 -> 되기",
        "error_000010": "뭔대 -> 뭔데",
        "error_000098": "그럿지만 -> 그렇지만",
        "error_000097": "열심이 -> 열심히",
        "error_000096": "욱씬 -> 욱신",
        "error_000095": "흉칙 -> 흉측",
        "error_000094": "이제서야 -> 이제야",
        "error_000093": "문안하 -> 무난하",
        "error_000092": "누누히 -> 누누이",
        "error_000019": "못쓸 -> 몹쓸",
        "error_000018": "내 (꺼|것) -> 내 거",
        "error_000017": "달디달다 -> 다디달다",
        "error_000016": "삼가해줘 -> 삼가줘",
        "error_000015": "(엔|앵)간히 -> 엥간히",
        "error_000014": "씌여 -> 쓰여",
        "error_000013": "도와조 -> 도와줘",
        "error_000012": "할가 -> 할까",
        "error_000080": "연애인 -> 연예인",
        "error_000088": "막내동생 -> 막냇동새",
        "error_000087": "염두해 -> 염두에",
        "error_000086": "따뜻 -> 따듯",
        "error_000085": "거예요 -> 거에요",
        "error_000084": "짭잘하 -> 짭짤하",
        "error_000083": "틈틈히 -> 틈틈이",
        "error_000082": "햇갈리다 -> 헷갈리다",
        "error_000081": "뵈요 -> 봬요",
        "error_000008": "본것 -> 본 것",
        "error_000007": "어ㅐ -> 왜",
        "error_000006": "ㅇ벗 -> 없",
        "error_000005": "맛춤(뻡|(뻐ㅃ)) -> 맞춤법",
        "error_000004": "했따 -> 했다",
        "error_000003": "햇(다|따) -> 했다",
        "error_000124": "ㅇㅏㄶㄷㅚ(\\s) -> ㅇㅏㄴㄷㅙ$1",
        "error_000002": "같에 -> 같아",
        "error_000123": "((ㅇㅡㄹ)|(ㄹㅡㄹ))\\sㅍㅣ(?!ㅇㅜ){2} -> $1 ㅍㅣㅇㅜ$2",
        "error_000001": "같애 -> 같아",
        "error_000089": "소근 -> 소곤",
        "error_000033": "햇어 -> 했어",
        "error_000032": "팬션 -> 펜션",
        "error_000031": "얘기 -> 예기",
        "error_000030": "어떡게 -> 어떻게",
        "error_000039": "오랴됨 -> 오래됨",
        "error_000038": "재밋 -> 재밌",
        "error_000037": "잇어 -> 있어",
        "error_000036": "깍이 -> 깎이",
        "error_000035": "꽇 -> 꽃",
        "error_000034": "괸찮아 -> 괜찮아",
        "error_000022": "구어 -> 구워",
        "error_000021": "뇌졸증 -> 뇌졸중",
        "error_000020": "오랫만 -> 오랜만",
        "error_000029": "어떻해 -> 어떡해",
        "error_000028": "일부로 -> 일부러",
        "error_000027": "있음에 -> 있으매",
        "error_000026": "덤뵤 -> 덤벼",
        "error_000025": "삐지다 -> 삐치다",
        "error_000024": "(앉|얹)히다 -> 안치다",
        "error_000023": "찝찝하다 -> 찜찜하다"
    },
    "descriptions": {
        "conf_000122": "알음'이나 '알아'의 의미라면 앎이고, 그렇지 않고 질병의 의미라면 암입니다.",
        "conf_000120": "(든|던)지를 ~든지? ~던지?로 바꿔야 합니다.",
        "conf_000121": "낳다'는 아이를 낳는 의미입니다.\\n'낫다'는 병이 치유됬다는 의미입니다. 병이 낫다. 병이 나았어. 병이 나으면",
        "error_000055": "도데체를 도대체로 바꿔야 합니다.",
        "error_000054": "핼쓱을 핼쑥으로 바꿔야 합니다.",
        "error_000053": "궁시렁을 구시렁으로 바꿔야 합니다.",
        "error_000052": "빈털털이를 빈털터리로 바꿔야 합니다.",
        "error_000051": "제작년을 재작년으로 바꿔야 합니다.",
        "error_000050": "희안하를 희한하로 바꿔야 합니다.",
        "conf_000119": "금새는 금빛 새, 금세는 지금 바로를 의미합니다.",
        "error_000059": "미쳐를 미처로 바꿔야 합니다.",
        "conf_000115": "딸리다 : 어떤 것에 메이거나 붙어잇다.\\n달리다 : 모자르다. 빠르게 걷다.",
        "error_000058": "설겆이를 설거지로 바꿔야 합니다.",
        "conf_000116": "~하므로 : ~하기 때문에(이유,까닭)\\n~함으로 : ~하는 것으로(수단,방법)",
        "error_000057": "홧병을 화병으로 바꿔야 합니다.",
        "conf_000117": "예요'는 '이에요'의 준말입니다. 고양이처럼 -이로 끝난다면 이에요가 아닌 예요를 해야 합니다.\\n 고양이에요(X) 고양이예요(O)",
        "error_000056": "댓가를 대가로 바꿔야 합니다.",
        "conf_000118": "어의는 왕의 옥좌, 어이는 어처구니나 사람을 부를 때를 의미합니다.",
        "conf_000111": "가리가리(여러가지로 갈라지거나 찢어진)의 준말입니다.",
        "conf_000112": "(으)로서는 신분,자격,지위를 나타내는 조사이며, 로써는 수단, 방법, 도구를 나타내는 조사입니다.\\n사람으로서 해야 할 일이지.\\n오늘로써 일이 끝난다.",
        "conf_000113": "메다 : 어께에 물건을 걸치거나 올려놓다.\\n매다 : 끈이 풀리지 않게 묶다.",
        "conf_000114": "딸려 : 어떤 것에 메이거나 붙어잇다.\\n달려 : 모자르다. 빠르게 걷다.",
        "conf_000110": "떨다: 부들부들~\\n털다: 달려 있는 것을 흔들리거나 떨어지게 하다",
        "error_000044": "돼고를 되고로 바꿔야 합니다.",
        "error_000043": "문장은 되로 끝나면 안됩니다. 되어, 됨과 같이 되 뒤에 다른 어미가 와야 합니다.",
        "error_000042": "돼냐를 되냐로 바꿔야 합니다.",
        "error_000041": "돼어를 되어로 바꿔야 합니다.",
        "error_000040": "(\\s)겟(\\s)를 $1겠$2로 바꿔야 합니다.",
        "conf_000108": "(업|없)다를 없다? 업다?로 바꿔야 합니다.",
        "conf_000109": "빌(려|어)를 빌려? 빌어?로 바꿔야 합니다.",
        "error_000049": "되물림을 대물림으로 바꿔야 합니다.",
        "error_000048": "단언컨데를 단언컨대로 바꿔야 합니다.",
        "error_000047": "(몇 일)|(몇일)를 며칠으로 바꿔야 합니다.",
        "error_000046": "역활을 역할으로 바꿔야 합니다.",
        "error_000045": "오랫만을 오랜만으로 바꿔야 합니다.",
        "error_000077": "일일히를 일일이로 바꿔야 합니다.",
        "error_000076": "웬지를 왠지로 바꿔야 합니다.",
        "error_000075": "요컨데를 요컨대로 바꿔야 합니다.",
        "error_000074": "하마트면을 하마터면으로 바꿔야 합니다.",
        "error_000073": "서슴치를 서슴지로 바꿔야 합니다.",
        "error_000072": "안성마춤을 안성맞춤으로 바꿔야 합니다.",
        "error_000071": "눈쌀을 눈살으로 바꿔야 합니다.",
        "error_000070": "넓직한을 널찍한으로 바꿔야 합니다.",
        "error_000079": "도데체를 도대체로 바꿔야 합니다.",
        "error_000078": "궂이를 굳이로 바꿔야 합니다.",
        "error_000066": "구렛나(루|룻)를 구레나룻으로 바꿔야 합니다.",
        "error_000065": "통채로를 통째로로 바꿔야 합니다.",
        "error_000064": "닥달을 닦달으로 바꿔야 합니다.",
        "error_000063": "깨끗히를 깨끗이로 바꿔야 합니다.",
        "error_000062": "곰곰히를 곰곰이로 바꿔야 합니다.",
        "error_000061": "일찌기를 일찍이로 바꿔야 합니다.",
        "error_000060": "하마트면을 하마터면으로 바꿔야 합니다.",
        "error_000107": "왜우다가 아니라 외우다입니다.",
        "error_000106": "아예는 전적으로라는 의미를 갖습니다. 아얘로 잘못 치셨군요.",
        "error_000105": "누우면을 누으면으로 바꿔야 합니다.",
        "error_000104": "뱌보를 바보로 바꿔야 합니다.",
        "error_000103": "그러갸를 그러게로 바꿔야 합니다.",
        "error_000069": "뒤치닥거리를 뒤치다꺼리로 바꿔야 합니다.",
        "error_000102": "그레를 그래로 바꿔야 합니다.",
        "error_000068": "건들이를 건드리로 바꿔야 합니다.",
        "error_000101": "해씀을 했음으로 바꿔야 합니다.",
        "error_000067": "가벼히를 가벼이로 바꿔야 합니다.",
        "error_000100": "개구장이를 개구쟁이로 바꿔야 합니다.",
        "error_000009": "안됌을 안됨으로 바꿔야 합니다.",
        "error_000091": "눈꼽을 눈곱으로 바꿔야 합니다.",
        "error_000090": "애시당초를 애당초로 바꿔야 합니다.",
        "error_000011": "므ㅏ를 뭐로 바꿔야 합니다.",
        "error_000099": "돼기를 되기로 바꿔야 합니다.",
        "error_000010": "뭔대를 뭔데로 바꿔야 합니다.",
        "error_000098": "그럿지만을 그렇지만으로 바꿔야 합니다.",
        "error_000097": "열심이를 열심히로 바꿔야 합니다.",
        "error_000096": "욱씬을 욱신으로 바꿔야 합니다.",
        "error_000095": "흉칙을 흉측으로 바꿔야 합니다.",
        "error_000094": "이제서야를 이제야로 바꿔야 합니다.",
        "error_000093": "문안하를 무난하로 바꿔야 합니다.",
        "error_000092": "누누히를 누누이로 바꿔야 합니다.",
        "error_000019": "못쓸을 몹쓸으로 바꿔야 합니다.",
        "error_000018": "내 (꺼|것)를 내 거로 바꿔야 합니다.",
        "error_000017": "달디달다를 다디달다로 바꿔야 합니다.",
        "error_000016": "삼가해줘를 삼가줘로 바꿔야 합니다.",
        "error_000015": "(엔|앵)간히를 엥간히로 바꿔야 합니다.",
        "error_000014": "씌여를 쓰여로 바꿔야 합니다.",
        "error_000013": "도와조를 도와줘로 바꿔야 합니다.",
        "error_000012": "할가를 할까로 바꿔야 합니다.",
        "error_000080": "연애인을 연예인으로 바꿔야 합니다.",
        "error_000088": "막내동생을 막냇동새로 바꿔야 합니다.",
        "error_000087": "염두해를 염두에로 바꿔야 합니다.",
        "error_000086": "따뜻을 따듯으로 바꿔야 합니다.",
        "error_000085": "거예요를 거에요로 바꿔야 합니다.",
        "error_000084": "짭잘하를 짭짤하로 바꿔야 합니다.",
        "error_000083": "틈틈히를 틈틈이로 바꿔야 합니다.",
        "error_000082": "햇갈리다를 헷갈리다로 바꿔야 합니다.",
        "error_000081": "뵈요를 봬요로 바꿔야 합니다.",
        "error_000008": "본것을 본 것으로 바꿔야 합니다.",
        "error_000007": "어ㅐ를 왜로 바꿔야 합니다.",
        "error_000006": "ㅇ벗을 없으로 바꿔야 합니다.",
        "error_000005": "맛춤(뻡|(뻐ㅃ))를 맞춤법으로 바꿔야 합니다.",
        "error_000004": "했따를 했다로 바꿔야 합니다.",
        "error_000003": "햇(다|따)를 했다로 바꿔야 합니다.",
        "error_000124": "않되로 문장이 끝나면 안됩니다. 않은 안하의 준말이어서 않되는 안하되를 의미하며 문장이 이상해 집니다.\\n또한 되는 어간으로 어미와 결합해서 사용되어야 합니다. 되가 아닌 되어(돼)나 됨, 됬어와 같이 쓰시기 바랍니다.",
        "error_000002": "같에를 같아로 바꿔야 합니다.",
        "error_000123": "담배를 피다. '피다'는 자동사로 목적어가 있을 때는 '피우다'로 써야 합니다.",
        "error_000001": "같애를 같아로 바꿔야 합니다.",
        "error_000089": "소근을 소곤으로 바꿔야 합니다.",
        "error_000033": "햇어를 했어로 바꿔야 합니다.",
        "error_000032": "팬션을 펜션으로 바꿔야 합니다.",
        "error_000031": "얘기를 예기로 바꿔야 합니다.",
        "error_000030": "어떡게를 어떻게로 바꿔야 합니다.",
        "error_000039": "오랴됨을 오래됨으로 바꿔야 합니다.",
        "error_000038": "재밋을 재밌으로 바꿔야 합니다.",
        "error_000037": "잇어를 있어로 바꿔야 합니다.",
        "error_000036": "깍이를 깎이로 바꿔야 합니다.",
        "error_000035": "꽇을 꽃으로 바꿔야 합니다.",
        "error_000034": "괸찮아를 괜찮아로 바꿔야 합니다.",
        "error_000022": "구어를 구워로 바꿔야 합니다.",
        "error_000021": "뇌졸증을 뇌졸중으로 바꿔야 합니다.",
        "error_000020": "오랫만을 오랜만으로 바꿔야 합니다.",
        "error_000029": "어떻해를 어떡해로 바꿔야 합니다.",
        "error_000028": "일부로를 일부러로 바꿔야 합니다.",
        "error_000027": "있음에는 있으매의 잘못된 표현입니다.",
        "error_000026": "덤뵤를 덤벼로 바꿔야 합니다.",
        "error_000025": "삐지다'는 '토라지다'의 사투리.",
        "error_000024": "앉히다/얹히다'둘 다 틀린말.\\n안치다 : 밥을 만들기 위해 재료를 솥에 넣고 불 위에 올리다.",
        "error_000023": "찝찝하다'는 속어."
    },
    "errors": [
        {
            "regex": "같애",
            "replaced": "같아",
            "id": "error_000001"
        },
        {
            "regex": "같에",
            "replaced": "같아",
            "id": "error_000002"
        },
        {
            "regex": "햇(다|따)",
            "replaced": "했다",
            "id": "error_000003"
        },
        {
            "regex": "했따",
            "replaced": "했다",
            "id": "error_000004"
        },
        {
            "regex": "맛춤(뻡|(뻐ㅃ))",
            "replaced": "맞춤법",
            "id": "error_000005"
        },
        {
            "regex": "ㅇ벗",
            "replaced": "없",
            "id": "error_000006"
        },
        {
            "regex": "어ㅐ",
            "replaced": "왜",
            "id": "error_000007"
        },
        {
            "regex": "본것",
            "replaced": "본 것",
            "id": "error_000008"
        },
        {
            "regex": "안됌",
            "replaced": "안됨",
            "id": "error_000009"
        },
        {
            "regex": "뭔대",
            "replaced": "뭔데",
            "id": "error_000010"
        },
        {
            "regex": "므ㅏ",
            "replaced": "뭐",
            "id": "error_000011"
        },
        {
            "regex": "할가",
            "replaced": "할까",
            "id": "error_000012"
        },
        {
            "regex": "도와조",
            "replaced": "도와줘",
            "id": "error_000013"
        },
        {
            "regex": "씌여",
            "replaced": "쓰여",
            "id": "error_000014"
        },
        {
            "regex": "(엔|앵)간히",
            "replaced": "엥간히",
            "id": "error_000015"
        },
        {
            "regex": "삼가해줘",
            "replaced": "삼가줘",
            "id": "error_000016"
        },
        {
            "regex": "달디달다",
            "replaced": "다디달다",
            "id": "error_000017"
        },
        {
            "regex": "내 (꺼|것)",
            "replaced": "내 거",
            "id": "error_000018"
        },
        {
            "regex": "못쓸",
            "replaced": "몹쓸",
            "id": "error_000019"
        },
        {
            "regex": "오랫만",
            "replaced": "오랜만",
            "id": "error_000020"
        },
        {
            "regex": "뇌졸증",
            "replaced": "뇌졸중",
            "id": "error_000021"
        },
        {
            "regex": "구어",
            "replaced": "구워",
            "id": "error_000022"
        },
        {
            "regex": "찝찝하다",
            "replaced": "찜찜하다",
            "id": "error_000023"
        },
        {
            "regex": "(앉|얹)히다",
            "replaced": "안치다",
            "id": "error_000024"
        },
        {
            "regex": "삐지다",
            "replaced": "삐치다",
            "id": "error_000025"
        },
        {
            "regex": "덤뵤",
            "replaced": "덤벼",
            "id": "error_000026"
        },
        {
            "regex": "있음에",
            "replaced": "있으매",
            "id": "error_000027"
        },
        {
            "regex": "일부로",
            "replaced": "일부러",
            "id": "error_000028"
        },
        {
            "regex": "어떻해",
            "replaced": "어떡해",
            "id": "error_000029"
        },
        {
            "regex": "어떡게",
            "replaced": "어떻게",
            "id": "error_000030"
        },
        {
            "regex": "얘기",
            "replaced": "예기",
            "id": "error_000031"
        },
        {
            "regex": "팬션",
            "replaced": "펜션",
            "id": "error_000032"
        },
        {
            "regex": "햇어",
            "replaced": "했어",
            "id": "error_000033"
        },
        {
            "regex": "괸찮아",
            "replaced": "괜찮아",
            "id": "error_000034"
        },
        {
            "regex": "꽇",
            "replaced": "꽃",
            "id": "error_000035"
        },
        {
            "regex": "깍이",
            "replaced": "깎이",
            "id": "error_000036"
        },
        {
            "regex": "잇어",
            "replaced": "있어",
            "id": "error_000037"
        },
        {
            "regex": "재밋",
            "replaced": "재밌",
            "id": "error_000038"
        },
        {
            "regex": "오랴됨",
            "replaced": "오래됨",
            "id": "error_000039"
        },
        {
            "regex": "(\\s)겟(\\s)",
            "replaced": "$1겠$2",
            "id": "error_000040"
        },
        {
            "regex": "돼어",
            "replaced": "되어",
            "id": "error_000041"
        },
        {
            "regex": "돼냐",
            "replaced": "되냐",
            "id": "error_000042"
        },
        {
            "regex": "되\\s",
            "replaced": "돼",
            "id": "error_000043"
        },
        {
            "regex": "돼고",
            "replaced": "되고",
            "id": "error_000044"
        },
        {
            "regex": "오랫만",
            "replaced": "오랜만",
            "id": "error_000045"
        },
        {
            "regex": "역활",
            "replaced": "역할",
            "id": "error_000046"
        },
        {
            "regex": "(몇 일)|(몇일)",
            "replaced": "며칠",
            "id": "error_000047"
        },
        {
            "regex": "단언컨데",
            "replaced": "단언컨대",
            "id": "error_000048"
        },
        {
            "regex": "되물림",
            "replaced": "대물림",
            "id": "error_000049"
        },
        {
            "regex": "희안하",
            "replaced": "희한하",
            "id": "error_000050"
        },
        {
            "regex": "제작년",
            "replaced": "재작년",
            "id": "error_000051"
        },
        {
            "regex": "빈털털이",
            "replaced": "빈털터리",
            "id": "error_000052"
        },
        {
            "regex": "궁시렁",
            "replaced": "구시렁",
            "id": "error_000053"
        },
        {
            "regex": "핼쓱",
            "replaced": "핼쑥",
            "id": "error_000054"
        },
        {
            "regex": "도데체",
            "replaced": "도대체",
            "id": "error_000055"
        },
        {
            "regex": "댓가",
            "replaced": "대가",
            "id": "error_000056"
        },
        {
            "regex": "홧병",
            "replaced": "화병",
            "id": "error_000057"
        },
        {
            "regex": "설겆이",
            "replaced": "설거지",
            "id": "error_000058"
        },
        {
            "regex": "미쳐",
            "replaced": "미처",
            "id": "error_000059"
        },
        {
            "regex": "하마트면",
            "replaced": "하마터면",
            "id": "error_000060"
        },
        {
            "regex": "일찌기",
            "replaced": "일찍이",
            "id": "error_000061"
        },
        {
            "regex": "곰곰히",
            "replaced": "곰곰이",
            "id": "error_000062"
        },
        {
            "regex": "깨끗히",
            "replaced": "깨끗이",
            "id": "error_000063"
        },
        {
            "regex": "닥달",
            "replaced": "닦달",
            "id": "error_000064"
        },
        {
            "regex": "통채로",
            "replaced": "통째로",
            "id": "error_000065"
        },
        {
            "regex": "구렛나(루|룻)",
            "replaced": "구레나룻",
            "id": "error_000066"
        },
        {
            "regex": "가벼히",
            "replaced": "가벼이",
            "id": "error_000067"
        },
        {
            "regex": "건들이",
            "replaced": "건드리",
            "id": "error_000068"
        },
        {
            "regex": "뒤치닥거리",
            "replaced": "뒤치다꺼리",
            "id": "error_000069"
        },
        {
            "regex": "넓직한",
            "replaced": "널찍한",
            "id": "error_000070"
        },
        {
            "regex": "눈쌀",
            "replaced": "눈살",
            "id": "error_000071"
        },
        {
            "regex": "안성마춤",
            "replaced": "안성맞춤",
            "id": "error_000072"
        },
        {
            "regex": "서슴치",
            "replaced": "서슴지",
            "id": "error_000073"
        },
        {
            "regex": "하마트면",
            "replaced": "하마터면",
            "id": "error_000074"
        },
        {
            "regex": "요컨데",
            "replaced": "요컨대",
            "id": "error_000075"
        },
        {
            "regex": "웬지",
            "replaced": "왠지",
            "id": "error_000076"
        },
        {
            "regex": "일일히",
            "replaced": "일일이",
            "id": "error_000077"
        },
        {
            "regex": "궂이",
            "replaced": "굳이",
            "id": "error_000078"
        },
        {
            "regex": "도데체",
            "replaced": "도대체",
            "id": "error_000079"
        },
        {
            "regex": "연애인",
            "replaced": "연예인",
            "id": "error_000080"
        },
        {
            "regex": "뵈요",
            "replaced": "봬요",
            "id": "error_000081"
        },
        {
            "regex": "햇갈리다",
            "replaced": "헷갈리다",
            "id": "error_000082"
        },
        {
            "regex": "틈틈히",
            "replaced": "틈틈이",
            "id": "error_000083"
        },
        {
            "regex": "짭잘하",
            "replaced": "짭짤하",
            "id": "error_000084"
        },
        {
            "regex": "거예요",
            "replaced": "거에요",
            "id": "error_000085"
        },
        {
            "regex": "따뜻",
            "replaced": "따듯",
            "id": "error_000086"
        },
        {
            "regex": "염두해",
            "replaced": "염두에",
            "id": "error_000087"
        },
        {
            "regex": "막내동생",
            "replaced": "막냇동새",
            "id": "error_000088"
        },
        {
            "regex": "소근",
            "replaced": "소곤",
            "id": "error_000089"
        },
        {
            "regex": "애시당초",
            "replaced": "애당초",
            "id": "error_000090"
        },
        {
            "regex": "눈꼽",
            "replaced": "눈곱",
            "id": "error_000091"
        },
        {
            "regex": "누누히",
            "replaced": "누누이",
            "id": "error_000092"
        },
        {
            "regex": "문안하",
            "replaced": "무난하",
            "id": "error_000093"
        },
        {
            "regex": "이제서야",
            "replaced": "이제야",
            "id": "error_000094"
        },
        {
            "regex": "흉칙",
            "replaced": "흉측",
            "id": "error_000095"
        },
        {
            "regex": "욱씬",
            "replaced": "욱신",
            "id": "error_000096"
        },
        {
            "regex": "열심이",
            "replaced": "열심히",
            "id": "error_000097"
        },
        {
            "regex": "그럿지만",
            "replaced": "그렇지만",
            "id": "error_000098"
        },
        {
            "regex": "돼기",
            "replaced": "되기",
            "id": "error_000099"
        },
        {
            "regex": "개구장이",
            "replaced": "개구쟁이",
            "id": "error_000100"
        },
        {
            "regex": "해씀",
            "replaced": "했음",
            "id": "error_000101"
        },
        {
            "regex": "그레",
            "replaced": "그래",
            "id": "error_000102"
        },
        {
            "regex": "그러갸",
            "replaced": "그러게",
            "id": "error_000103"
        },
        {
            "regex": "뱌보",
            "replaced": "바보",
            "id": "error_000104"
        },
        {
            "regex": "누우면",
            "replaced": "누으면",
            "id": "error_000105"
        },
        {
            "regex": "아얘",
            "replaced": "아예",
            "id": "error_000106"
        },
        {
            "regex": "왜(운|우)",
            "replaced": "외$1",
            "id": "error_000107"
        },
        {
            "regex": "((ㅇㅡㄹ)|(ㄹㅡㄹ))\\sㅍㅣ(?!ㅇㅜ){2}",
            "replaced": "$1 ㅍㅣㅇㅜ$2",
            "id": "error_000123",
            "spread": true
        },
        {
            "regex": "ㅇㅏㄶㄷㅚ(\\s)",
            "replaced": "ㅇㅏㄴㄷㅙ$1",
            "id": "error_000124",
            "spread": true
        }
    ]
}